{"0":{"Chinet":0.0290556901,"Dixie":0.1836734694,"Hefty":0.0072072072},"1":{"Chinet":0.0314769976,"Dixie":0.0408163265,"Hefty":0.1495495495},"10":{"Chinet":0.1016949153,"Dixie":0.0714285714,"Hefty":0.1333333333},"11":{"Chinet":0.0338983051,"Dixie":0.0306122449,"Hefty":0.0234234234},"12":{"Chinet":0.004842615,"Dixie":0.0204081633,"Hefty":0.0432432432},"13":{"Chinet":0.0,"Dixie":0.0,"Hefty":0.045045045},"14":{"Chinet":0.1041162228,"Dixie":0.0408163265,"Hefty":0.0},"15":{"Chinet":0.0,"Dixie":0.0,"Hefty":0.0198198198},"16":{"Chinet":0.0,"Dixie":0.0,"Hefty":0.036036036},"17":{"Chinet":0.0266343826,"Dixie":0.0306122449,"Hefty":0.1261261261},"18":{"Chinet":0.0290556901,"Dixie":0.0,"Hefty":0.0054054054},"19":{"Chinet":0.0,"Dixie":0.0,"Hefty":0.0162162162},"2":{"Chinet":0.1525423729,"Dixie":0.0408163265,"Hefty":0.0198198198},"3":{"Chinet":0.1138014528,"Dixie":0.0510204082,"Hefty":0.0072072072},"4":{"Chinet":0.0944309927,"Dixie":0.2244897959,"Hefty":0.0},"5":{"Chinet":0.0,"Dixie":0.0,"Hefty":0.0900900901},"6":{"Chinet":0.0121065375,"Dixie":0.0204081633,"Hefty":0.0396396396},"7":{"Chinet":0.196125908,"Dixie":0.112244898,"Hefty":0.1063063063},"8":{"Chinet":0.0702179177,"Dixie":0.1020408163,"Hefty":0.0504504505},"9":{"Chinet":0.0,"Dixie":0.0306122449,"Hefty":0.0810810811}}